text,target
RS HASAN SADIKIN BANDUNG ISOLASI PASIEN TERDUGA VIRUS CORONA,0
"SELEBARAN BERLOGO POLDA METRO JAYA : WASPADA PENCULIKAN ANAK 12 TAHUN, PELAKU MENYAMAR SEBAGAI BUMIL",1
"ARTI HURUF ARAB PADA BUKU IQRA 1, CORONA DICIPTAKAN PADA ZAMAN PENUH KEBOHONGAN",1
"CIPANAS (PUNCAK) BARU SAJA DILANDA BANJIR BANDANG, ALIRAN AIRNYA BISA MASUK JKT BESOK PAGI",1
"DITOLAK DI BERBAGAI NEGARA, RATUSAN TURIS CHINA DISAMBUT DI INONESIA",0
DUA LAKI-LAKI PENIPU MENCARI DANA PAKAI BAJU LAMBANG PANCASILA,1
KABAR PENEMUAN JENAZAH SISWA SEKOLAH DASAR DI KEMAYORAN,1
VIRAL BAYI USIA 2 BULAN DI SUKABUMI MENINGGAL DIDUGA KARENA IMUNISASI,0
APLIKASI WHATSAPP TELAH DIBLOKIR OLEH HACKER KELAS DUNIA BERINISIAL FFM,1
BIAYA TILANG TERBARU DI INDONESIA,1
"CORONA VIRUS UDAH NYAMPE KE BANDUNG, DI RSHS UDAH ADA 1 PASIEN YANG FIX CORONA VIRUS, 1 PASEIN SUSPECT",2
DUA ORANG KENAKAN BAJU BERLAMBANG PANCASILA LAKUKAN HIPNOTIS BERMODUS MINTA BANTUAN PEDULI PULAU SEBUKU,1
INFO KEPADA REKAN-REKAN : DI RSHS BANDUNG UDAH ADA PASIEN SUSPECT VIRUS CORONA RUJUKAN DARI RS CAHYA KAWALUYAAN,2
"PEMBERITAHUAN KEMENTERIAN KESEHATAN : VIRUS CORONA KALI INI SERIUS, JAGA TENGGOROKAN TETAP LEMBAB, MINUMLAH 50-80 CC AIR HANGAT, 30-50 CC UNTUK ANAK-ANAK",1
PENTING! KEMENKES RI SIAGAKAN 19 DAERAH WASPADA VIRUS CORONA,0
ADA 136 PASIEN DALAM PENGAWASAN VIRUS CORONA DI INDONESIA,2
HIMBAUAN DARI KBRI KL UNTUK TIDAK MENGKONSUMSI MAKANAN PRODUK CHINA,1
MARET 2020 AKAN ADA PEMBUATAN SIM KOLEKTIF DI SELURUH SAMSAT INDONESIA,1
PASIEN VIRUS CORONA DI APARTEMEN TAMAN ANGGREK,2
VIDEO WARGA CHINA IKUT SHALAT GARA-GARA VIRUS CORONA,1
INFORMASI UJI COBA TILANG ELEKTRONIK DI BOGOR,1
PINGGIR TOL CIPULARANG KM 118 KEMBALI LONGSOR,0
"INFO DARI DUBES KBRI : JANGAN MAKAN DULU PRODUKSI NEGERI CINA, PEKERJA PABRIKNYA PENGIDAP VIRUS CARONA",1
"KOMPAS TV MENYIARKAN 5 PASIEN VIRUS CORONA DI SEMARANG, 1 ORANG MENINGGAL",1
FOTO SEORANG ANAK LAKI-LAKI YANG TAMPAK SEDANG DIMANDIKAN DENGAN BEKAS JAHITAN DIBAGIAN PERUT BAWAH HINGGA BAGIAN DADA,1
"HINDARI PENYEBARAN VIRUS, TIONGKOK MINTA PERSETUJUAN PENGADILAN UNTUK MEMBUNUH LEBIH DARI 20.000 PASIEN CORONAVIRUS",1
INFO PEMBUATAN SIM KOLEKTIF,1
MINYAK MASAK JENAMA ASRI ADALAH PRODUK SYARIKAT LEONG HUP PENTERNAK BABI TERBESAR DI MELAKA MALAYSIA,1
MINYAK MASAK JENAMA ASRI MILIK SYARIKAT LEONG HUP PENTERNAK BABI TERBESAR DI MELAKA,1
TUJUH PENUMPANG LION AIR RUTE TIONGKOK - MANADO TERINFEKSI VIRUS CORONA,2
"PUKUL 23.00 WIB MALAM INI, PESAWAT HELIKOPTER MALAYSIA DAN SINGAPURA AKAN SEMPROTKAN RACUN PEMBASMI CORONA COVID-19",1
ALAMAT PASIEN POSITIF CORONA YANG MENINGGAL DI RSHS,2
"RIDWAN KAMIL : 30 MARET - 20 APRIL 2020 AREA BANDUNG, CIMAHI, CIBIRU, CILEUNYI, LEMBANG AKAN LOCKDOWN",1
FOTO PASIEN POSITIF CORONA YANG KABUR DARI RUMAH SAKIT ADALAH DRIVER GOJEK,2
"VOICE NOTE : RSHS BANDUNG TANGANI RESIDEN ANESTESI YANG MENINGGAL DUNIA, DUA ORANG DIISOLASI DAN LIMA ORANG BERSTATUS SUSPECT COVID-19",1
PESAN LARANGAN KELUAR RUMAH AKIBAT PUNCAK INKUBASI CORONA COVID-19,1
CHINA BERHASIL CIPTAKAN VAKSIN COVID-19 DAN SIAP DI PRODUKSI MASSAL,0
VIRUS BARU YAITU VIRUS HANTA MUNCUL DI CHINA,0
PESAN BERANTAI TENTANG PUNCAK PENYEBARAN CORONA,1
VOICE NOTE YANG MENGATASNAMAKAN RSHS TENTANG REDZONE DAN PASIEN DI RSHS,1
"TERUNGKAP, 238 WNI DARI WUHAN TAK DI TES VIRUS CORONA, ALATNYA MAHAL",0
DUA ORANG POSITIF VIRUS CORONA DI INDONESIA,0
PEMERINTAH MEMPERPANJANG STATUS DARURAT BENCANA COVID-19 HINGGA 29 MEI,0
"SEMUA MASYARAKAT YANG PUNYA E-KTP, MULAI 28 MARET BERHAK MENDAPAT KONPENSASI SEJUMLAH RP. 1.250.000",2
UTUSAN RIDWAN KAMIL AKAN MELAKUKAN LOCKDOWN DI KOTA BANDUNG,1
ANGIN DARI UTARA KE SELATAN MEMBAWA WABAH PENYAKIT MELEWATI INDONESIA MENUJU AUSTRALIA,1
PESAN BERANTAI HASIL RAPAT DENGAN DINAS INDAG KOTA BANDUNG TENTANG INFO PSBB DI BANDUNG RAYA,2
POLRI AKAN MELAKUKAN RAZIA GABUNGAN TERKAIT BALAS DENDAM KELUARGA GENG MOTOR DAN PELAKU PEMBEGALAN,1
HIMBAUAN UNTUK BERHENTI TOTAL SELAMA 3 HARI DARI TANGGAL 10-12 APRIL 2020,1
INFORMASI TENTANG ADANYA PEMERASAN DENGAN SENJATA TAJAM DI BEBERAPA RUAS JALAN KOTA BANDUNG,1
MINIMARKET DI ANTAPANI BANDUNG DITUTUP KARENA KARYAWANNYA POSITIF COVID19,0
PEMERINTAH BERI INTERNET GRATIS AKIBAT CORONA VIRUS,1
RUTE PATROLI SKALA BESAR POLDA JABAR TANGGAL 10-12 APRIL 2020,0
KOMINFO LUNCURKAN APLIKASI PEDULI LINDUNGI,0
PESAN BERANTAI: AKSI BALAS DENDAM PARA PEMBEGAL DAN GENG MOTOR PADA SELASA MALAM,1
"PESAN PEMERINTAH TETAP DIRUMAH & JAGA JARAK, SEBAGAI INSENTIF PEMERINTAH GRATISKAN AKSES INTERNET",1
PROGRAM KARTU PRAKERJA DARI DISNAKERTRANS JABAR,0
ALFAMART BAGI-BAGI 6000 KUPON SENILAI RP. 2 JUTA,1
VIDEO WARGA KELUYURAN DI ATAS JAM 2 SIANG DIANCAM PUKUL ROTAN SAAT PENERAPAN PSBB BANDUNG RAYA,1
LINK TES COVID19 DAPAT HADIAH,1
"MUI PUSAT HIMBAU KIYAI DAN USTADZ AGAR TOLAK RAPID TEST, KARENA ITU MODUS OPERANDI PKI",1
PEMERINTAH INDONESIA MEMPERTIMBANGKAN MEMAKAI STRATEGI HERD IMMUNITY,2
KEMENTERIAN KESEHATAN ITALIA ; COVID19 BUKAN KARENA VIRUS MELAINKAN BAKTERI DAN DIPERKUAT RADIASI 5G MNYEBABKAN PERADANGAN DAN HIPOKSIA,2
PEMERINTAH BERI INTERNET GRATIS AKIBAT CORONA VIRUS,1
"LEBIH DAHSYAT DARI SERANGAN COVID-19, WABAH GIGITAN LEBAH MEMATIKAN KINI SERANG INDIA, CHINA DAN TURKI",1
PENGUNGKAPAN PENJUALAN DAGING BABI DI KABUPATEN BANDUNG,0
RIDWAN KAMIL IZINKAN PENGURUS MASJID LAKSANAKAN SOLAT JUMAT DAN IDUL FITRI,0
VIDEO SEORANG IBU DAN KEDUA ANAKNYA GANTUNG DIRI DISEBABKAN LOCKDOWN,1
VIDEO KERAMAIAN PASAR ANDIR BANDUNG DI TENGAH PSBB,1
"DR. DR. SITI FADILAH SUPARI, SP.JP(K) : VAKSIN BILL GATES JANGAN DIGUNAKAN DI INDONESIA",2
PSBB JAWA BARAT DI PERPANJANG SAMPAI 12 JUNI 2020,0
TERSEBAR FOTO WANITA PASIEN POSITIF COVID19 YANG DISEBUTKAN KABUR DARI RUMAH SAKIT DI CIMAHI,2
5000 USTADZ DI JABAR AKAN DISUNTIK COVID-19 SAMPAI MATI,1
KISAH ABK INDONESIA DI KAPAL CHINA YANG DI PERLAKUKAN TIDAK MANUSIAWI HINGGA MENINGGAL MAYATNYA DI BUANG KE LAUT,0
PEDAGANG PASAR KORDON BUBAT SUDAH BANYAK YANG POSITIF COVID19,2
KEMENTERIAN KESEHATAN ITALIA ; COVID19 BUKAN KARENA VIRUS MELAINKAN BAKTERI DAN DIPERKUAT RADIASI 5G MNYEBABKAN PERADANGAN DAN HIPOKSIA,2
COVID-19 BISA DISEMBUHKAN DENGAN MINYAK KAYU PUTIH,1
RUMAH SAKIT PANCARAN KASIH MANADO SOGOK KELUARGA PASIEN YANG MENINGGAL AGAR PASIEN DIJADIKAN KORBAN COVID19,1
"4 PEDAGANG POSITIF CORONA, 3 PASAR DI KOTA BANDUNG DITUTUP",0
"CORONA MELANDA, BEBERAPA DISPENDA KOTA/KABUPATEN BERIKAN INSENTIF TAGIHAN PBB",0
"TERAPKAN PSBB PROPORSIONAL, BEBERAPA RUAS JALAN DI KOTA BANDUNG KEMBALI DITUTUP",0
"KANDUNG BAKTERI BERBAHAYA, KEMENTARIAN PERTANIAN MUSNAHKAN JAMUR ENOKI",0
RIDWAN KAMIL SEBUT SEKOLAH DI JABAR AKAN DIBUKA PADA JANUARI 2021,0
"BOGOR SAAT INI JADI LAUTAN MERAH MEMBARA, PENYEBARAN VIRUSNYA BANYAK SEKALI",0
TAK PAKAI MASKER DAN SARUNG TANGAN : JENIS PELANGGARAN YANG TERTERA DALAM LEMBAR SURAT TILANG,2
ANIES IJINKAN DISKOTEK DAN PANTAI PIJAT KEMBALI BEROPERASI,1
ANTISEPTIC POVIDONE ATAU BETADINE TERBUKTI EFEKTIF MEMBUNUH 99.99% VIRUS COVID19 DALAM 30 DETIK,0
"IDE AL QURAN NUSANTARA MULAI DI REALISASIKAN, ARTI SURAT AL-MAIDAH 51 BERUBAH DARI PEMIMPIN MENJADI TEMAN SETIA",1
"KHAWATIR BANGKITKAN PAHAM KOMUNIS, MUI KELUARKAN MAKLUMAT TOLAK RUU HIP",0
27 TENAGA MEDIS DI 7 PUSKESMAS DI KOTA BANDUNG TERPAPAR VIRUS CORONA,0
RATUSAN SISWA SECAPA AD BANDUNG POSITIF COVID-19,0
"LEBIH DARI 40 ORANG ASN SETDA JABAR TERINDIKASI POSITIF COVID-19, GEDUNG SATE DITUTUP SEMENTARA",0
"MAHKAMAH AGUNG KABULKAN GUGATAN PILPRES 2019, KEMENANGAN JOKOWI DIBATALKAN",2
MULAI 27 JULI 2020 BAGI YANG TIDAK BERMASKER DI TEMPAT UMUM DI JAWA BARAT KENA DENDA 100-150RIBU,0
WHO : PENULARAN CORONA TAK LAGI HANYA LEWAT DROPLET TAPI JUGA UDARA,1
ISRAEL BERJANJI BAHWA INDONESIA AKAN DIBUAT SEPERTI PALESTINA,1
IMBAUAN DISDUKCAPIL BANDUNG TENTANG KASUS PENYALAHGUNAAN KTP,1
RADIASI LASER THERMO GUN BERBAHAYA BAGI TUBUH MANUSIA,1
99 PERSONEL TNI PUDIKOM CIMAHI POSITIF CORONA,0
MATA PELAJARAN PAI DAN BAHASA ARAB AKAN DIHAPUS DARI KURIKULUM,2
PESAN BERANTAI : RAZIA PENGGUNAAN MASKER DI KABUPATEN BANDUNG,0
"PERPRES KARTU KERJA DI REVISI, PESERTA WAJIB KEMBALIKAN UANG BANTUAN",0
RATUSAN SISWA SECAPA AD BANDUNG TERPAPAR COVID-19,0
ARIEF PUYONO USULKAN JUDI KASINO DAN TOGEL DI LEGALKAN,0
KEBIJAKAN PEMDA JABAR TENTANG DENDA BAGI MASYARAKAT YANG TIDAK MENGGUNAKAN MASKER,1
PEMERINTAH AKAN SEDIAKAN LAPTOP GRATIS UNTUK SISWA DAN GURU,1
"DI TENGAH PANDEMI COVID-19, PELAKU UMKM DI KOTA BANDUNG AKAN TERIMA BANTUAN MODAL USAHA",0
"DI HARI KEMERDEKAAN RI KE-75 TAHUN, BI DAN KEMENKEU TERBITKAN UANG BARU PECAHAN 75.000",0
VIDEO SERANGAN RUDAL SEBELUM LEDAKAN DI BEIRUT LEBANON (VERSI 2),1
"INFO RAZIA MASKER BESAR-BESARAN DI JABODETABEK LIBATKAN PEMDA, KEJAKSAAN DAN PM",1
DAFTAR KARTU INDONESIA PINTAR SAMPAI DENGAN TANGGAL 25 AGUSTUS,1
KUOTA BELAJAR TELKOMSEL 10GB HARGA RP10,0
RIDWAN KAMIL DAFTARKAN DIRI SEBAGAI RELAWAN UJI KLINIS VAKSIN VIRS CORONA DARI CHINA,0
"ULANG TAHUN KE-10, WHATSAPP BAGIKAN KONEKSI INTERNET GRATIS 35GB SELAMA 6 BULAN",1
BROADCAST PERAMPOKAN BERMODUS PEMBAGIAN MASKER GRATIS MENGANDUNG BIUS,1
HURRY UP AND GET FREE SHOES FROM ADIDAS,1
COVID-19 BISA DISEMBUHKAN DENGAN MINYAK KAYU PUTIH,1
"HYDROXYCHLOROQUINE, ZINC DAN ZITHROMAX TERBUKTI MEMBANTU KESEMBUHAN COVID-19",2
"KECAMATAN CIMAUNG KABUPATEN BANDUNG ZONA MERAH COVID-19, WISATA GUNUNG PUNTANG DITUTUP SEMENTARA",0
"MUI PUSAT HIMBAU KIYAI DAN USTADZ AGAR TOLAK RAPID TEST, KARENA ITU MODUS OPERANDI PKI",1
"BIMA ARYA GELAR RAZIA GDS, SISWA YANG TERJARING DIBERI SANKSI MENYEMPROT LINGKUNGAN DENGAN RADIUS 1000 METER",1
"ADIDAS MENAWARKAN 3100 SEPATU GRATIS, T-SHIRT, DAN MASKER",1
COVID-19 BISA DISEMBUHKAN DENGAN MINYAK KAYU PUTIH,2
BROADCAST PERAMPOKAN BERMODUS PEMBAGIAN MASKER GRATIS MENGANDUNG BIUS,1
IMBAUAN DARI PANGLIMA PEMBEBASAN RAKYAT INDONESIA AGAR TINGKATKAN KEWASPADAAN PADA TANGGAL 29 DAN 30 SEPTEMBER 2020,1
PETA BANDUNG KOTA ZONA HITAM SEBARAN COVID19,1
FOTO PELAKU PENUSUKAN SYEKH ALI JABER DENGAN BENDERA PKI,1
FOTO PENUSUK SYEKH ALI JABER MEMBAWA BENDERA TAUHID,1
PENDATAAN GURU HONORER DI JAWA BARAT YANG AKAN DAPAT BANSOS DARI KEMENSOS,1
100 GB DATA INTERNET TANPA PENGISIAN ULANG APA PUN UNTUK QUARANTINE (CORONAVIRUS),1
"IMBAUAN BAGI MUI, PIMPINAN PONPES, ULAMA DAN TOKOH MASYARAKAT UNTUK TOLAK RENCANA VAKSINASI CORONA ASAL TIONGKOK KARENA MENGANDUNG BABI",1
PEMBACOKAN IMAM MESJID DI OKU SUMSEL,0
POTENSI TSUNAMI 20 MTER DIPREDIKSI AKAN TERJADI DI PANTAI SELATAN JAWA BARAT DAN TIMUR,0
TOKOPEDIA GELAR PROMOSI DATA INTERNET 100 GB TANPA ISI ULANG,1
"VIDEO BANJIR BANDANG 21 SEPTEMBER 2020 DI CICURUG SUKABUMI, HANYUTKAN RIBUAN RUMAH DAN MOBIL",1
DAFTAR PRAKERJA MELALUI SITUS HTTPS://PRAKERJA.VIP,1
PENYATAAN ALIANSI DOKTER DUNIA BAHWA COVID19 TIDAK BERBAHAYA,2
FAKTA BROADCAST 13 POINT UU CIPTA KERJA (OMNIBUS LAW),1
PEMERINTAH BERI INTERNET GRATIS AKIBAT CORONA VIRUS,1
VOUCHER GAS GRATIS SENILAI 600 RIBU UNTUK ISI BAHAN BAKAR,1
"MUI PUSAT HIMBAU KIYAI DAN USTADZ AGAR TOLAK RAPID TEST, KARENA ITU MODUS OPERANDI PKI",1
"BROADCAST BSSN AKAN REKAM TELEPON DAN PANTAU WA, TWITTER, FACEBOOK",1
PEMERINTAH SADAP TELEPON DAN MEDSOS SEMUA WARGA,1
POIN-POIN UU CIPTA KERJA YANG MENYENGSARAKAN DAN MEMBUNUH RAKYAT SENDIRI,1
SIMPAN NOMER WA +62 8999900411 UNTUK MEMPERMUDAH MENCARI KALIMAT DALAM KITAB AL QURAN,0
ACARA DEMO OMNIBUS LAW DI ISTANA PRESIDEN HINGGA JOKOWI LENGSER,1
PERNYATAAN ALIANSI DOKTER LINTAS NEGARA EROPA : COVID19 TIDAK BERBAHAYA,2
RAYAKAN ULANG TAHUN KFC TAWARKAN 3000 SNACK BUCKET UNTUK SEMUA ORANG,1
SINOVAC YANG AKAN DIVAKSINKAN KE 175 JUTA RAKYAT INDONESIA TERNYATA VAKSIN BERBAHAYA,2
BIAYA TILANG TERBARU DI INDONESIA : KAPOLRI BARU MANTAP,1
VIDEO BOLA MATA JENAZAH DIDUGA PASIEN COVID19 DI PROBOLINGGO HILANG,1
DAFTAR PRAKERJA MELALUI SITUS HTTPS://PRAKERJA.VIP,1
IMBAUAN DISDUKCAPIL BANDUNG TENTANG KASUS PENYALAHGUNAAN KTP,1
KOREA SELATAN KELABAKAN LIHAT WARGANYA MENINGGAL SATU PERSATU USAI DISUNTIK VAKSIN,1
LEWAT AKHIR TAHUN 2020 PENUKARAN TABUNG GAS ELPIJI BIRU 12 KG KE WARNA PINK BERBIAYA 500 RIBU,1
RAZIA MASKER SERENTAK DAN AKAN KENA DENDA 250RB,1
VIDEO WEJANGAN BUPATI SITUBONDO BEBERAPA JAM SEBELUM WAFAT,1
DAPATKAN UANG 200 RIBU DAN BONUS TAMBAHAN DENGAN BERGABUNG DI BUZZBREAK,0
"EVENT LAZADA SHARE POCKET, DAPATKAN CREDIT BELANJA SEBESAR RP150.000",0
"HATI-HATI, BEBERAPA WARGA KOTA BANDUNG TERPAPAR COVID-19, SEBAGIAN MENINGGAL DUNIA",2
INDOMARET BAGIKAN 5000 VOUCHER GRATIS SENILAI RP 2 JUTA,1
"INFO AKAN ADA RAZIA GABUNGAN BESOK, KADAPATAN TAK PAKAI MASKER LANGSUNG DIDENDA RP 250.000",1
MEDIA AUSTRALIA MENYEBUT HRS MANTAN BURONAN PORNOGRAFI BALIK KE INDONESIA UNTUK LUNCURKAN REVOLUSI MORAL,0
RAYAKAN ULANG TAHUN KFC TAWARKAN 3000 SNACK BUCKET UNTUK SEMUA ORANG,1
5 DOKTER MENINGGAL DUNIA KARENA COVID-19 PADA 18 NOVEMBER 2020,1
PENDAFTARAN INTERNET GRATIS 50 GB GELOMBANG KE-2,1
PENDAFTARAN SUBSIDI KUOTA INTERNET SEBESAR 35 GIGABYTE,1
"BROADCAST BSSN AKAN REKAM TELEPON DAN PANTAU WA, TWITTER, FACEBOOK",1
"TEMPAT TIDUR PASIEN COVID-19 DI BEBERAPA RS KOTA BANDUNG PENUH, KONSUMSI MAKANAN ALKALI DENGAN PH LEBIH TINGGI BISA BUNUH VIRUS COVID-19",2
"BIMA ARYA GELAR RAZIA GDS, SISWA YANG TERJARING DIBERI SANKSI MENYEMPROT LINGKUNGAN DENGAN RADIUS 1000 METER",1
JOKOWI TAK MAU DISUNTIK VAKSIN DULUAN,1
KONSUMSI MAKANAN ALKALI DENGAN PH LEBIH TINGGI BISA BUNUH VIRUS COVID-19,2
KUOTA BELAJAR TELKOMSEL 10GB HARGA RP10,0
DAFTAR PRAKERJA MELALUI SITUS HTTPS://PRAKERJA.VIP,1
KABAR BAIK!!! SEMANGKUK AIR BAWANG PUTIH YANG BARU DIREBUS DAPAT SEMBUHKAN VIRUS CORONA,2
KUOTA INTERNET 100 GB GRATIS TANPA ISI ULANG KARENA PANDEMI COVID19,1
TKW ASAL MADIUN SETENGAH LUMPUH SETELAH DISUNTIK VAKSIN,2
VOUCHER TAHUN BARU BERHADIAH DARI ALFAMART,1
ALFAMART TAWARKAN VOUCHER RP 800.000 UNTUK SEMUA ORANG,1
"BUKTI KOMNAS HAM SUDAH LENGKAP, 100 JUTA UNTUK TUTUP MULUT KELUARGA LASKAR",1
STATUS BERLOGO WHATSAPP ADALAH PENIPUAN UNTUK ALIHKAN DATA PRIBADI DAN REKENING BANK,1
SUBSIDI KUOTA INTERNET 75GB,1
CAIRAN VAKSIN TIDAK MASUK KE TUBUH JOKOWI,1
BANTUAN SOSIAL FINANSIAL RP. 3.550.000 BAGI YANG KERJA TAHUN 2000 DAN 2021,1
"KORBAN BERGELIMPANGAN, RATUSAN WARGA TERKAPAR USAI DISUNTIK SINOVAC",1
DAFTAR PRAKERJA MELALUI SITUS HTTPS://PRAKERJA.VIP,1
LINK PENDAFTARAN KARTU PRAKERJA GELOMBANG 12,1
VIDEO SEORANG PRIA PINGSAN SESUDAH DISUNTIK VAKSIN,2
BRIGJEN HENDRA KURNIAWAN ADALAH ANAK KANDUNG PRESIDEN CINA XI JINPING,1
KASDIM 0817 GRESIK MAYOR SUGENG RIYADI MENINGGAL AKIBAT SIANGNYA DISUNTIK VAKSIN,1
"WASPADA POTENSI GEMPA AKIBAT SESAR LEMBANG BANDUNG, BMKG TEKANKAN PENTINGNYA MITIGASI",0
"BROADCAST BSSN AKAN REKAM TELEPON DAN PANTAU WA, TWITTER, FACEBOOK",1
CARA CEK CALON PENERIMA VAKSIN COVID19 GRATIS MELALUI WEBSITE PEDULILINDUNGI.ID,0
LINK PENDAFTARAN BANPRES UMKM TAHAP II,1
PULUHAN SANTRI KERACUNAN AKIBAT VAKSIN COVID-19,1
"KOMINFO BANTUAN PULSA 200RB DAN KUOTA 75GB UNTUK DOSEN, GURU, SISWA, MAHASISWA SELAMA MASA PANDEMI",1
LINK PENDAFTARAN KARTU PRAKERJA GELOMBANG 12,1
PESAN BERANTAI BERISI INFORMASI PENDAFTARAN VAKSINASI COVID-19 UNTUK LANSIA,2
JOKOWI BUKA PINTU IZIN INVESTASI UNTUK INDUSTRI MIRAS BESAR SAMPAI ECERAN,0
BIAYA TILANG TERBARU DI INDONESIA : KAPOLRI BARU MANTAP,1
"KEMENDIKBUD BANTUAN PULSA 200RB DAN KUOTA 75GB UNTUK DOSEN, GURU, SISWA, MAHASISWA SELAMA MASA PANDEMI",1
"INDUSTRI ARAK HINGGA TUAK DISAHKAN, GUBERNUR BALI TERIMA KASIH KEPADA PRESIDEN JOKOWI",0
ITALY TELAH MELAKUKAN PROSES BEDAH MAYAT TERHADAP PASIEN CORONA YANG TELAH MENINGGAL,1
SMS PEMBERITAHUAN PENERIMA DANA BANTUAN DARI KANTOR BPJS PUSAT,1
UANG REDENOMINASI PECAHAN RP 100 BERGAMBAR JOKOWI,1
AL-QURAN PALSU KEMBALI BEREDAR,1
ARAB SAUDI TOLAK JEMAAH HAJI INDONESIA KARENA BELUM BAYAR AKOMODASI,1
BANTUAN SOSIAL FINANSIAL RP. 3.550.000 BAGI YANG KERJA TAHUN 2000 DAN 2021,1
"BENDUNGAN WALAHAR AIRNYA MELUAP, YANG DI KARAWANG SIAP-SIAP",1
"JOKOWI LEGALKAN MIRAS HINGGA KELAS ECERAN, KETUM MUHAMMADIYAH: BANGSA KITA SUDAH KEHILANGAN ARAH",0
TUJUH PENUMPANG LION AIR RUTE TIONGKOK - MANADO TERINFEKSI VIRUS CORONA,0
BPJS KESEHATAN SALURKAN BANSOS FINANSIAL BAGI YANG BEKERJA ANTARA TAHUN 2000 DAN 2021,1
SUBSIDI PULSA 200 RIBU DAN KUOTA 50 GB KEMENDIKBUD DIPERPANJANG LAGI,1
JOKOWI BUKA PINTU IZIN INVESTASI UNTUK INDUSTRI MIRAS BESAR SAMPAI ECERAN,0
SANKSI MUDIK,1
GURU DI SUKABUMI JADI SASARAN KEMARAHAN PERANGKAT DESA GEGARA POSTING JALAN RUSAK,0
"KEMENDIKBUD BANTUAN PULSA 200RB DAN KUOTA 75GB UNTUK DOSEN, GURU, SISWA, MAHASISWA SELAMA MASA PANDEMI",1
TILANG ELEKTRONIK BERLAKU MULAI MARET 2021,0
VAKSINASI COVID-19 UNTUK LANSIA (USIA DIATAS 60) BISA TANPA ONLINE LANGSUNG DATANG KE LOKASI,1
GURU HONORER DI LELES GARUT JADI LUMPUH SETELAH MENDAPAT VAKSIN KEDUA,2
IMBAUAN DISDUKCAPIL BANDUNG TENTANG KASUS PENYALAHGUNAAN KTP,1
KFC SEDIAKAN HADIAH BUCKET AYAM DI PERINGATAN HARI PEREMPUAN INTERNASIONAL 2021,1
"MUAL HINGGA BENGKAK, WARTAWAN JAWA POS TV DILARIKAN KE IGD PASCA DIVAKSIN SINOVAC",0
FOTO BOTOL MIRAS DENGAN LABEL HALAL,1
"DIRUT VIVA COSMETIC SURABAYA, PAK SUSANTO MENINGGAL 3 HARI KEMUDIAN DI RS RKZ KARENA COVID SETELAH VAKSIN PERTAMA",1
JUAL MINUMAN KERAS HUKUMNYA BOLEH UNTUK MEMBANTU KAS NEGARA,1
SUBSIDI PULSA 200 RIBU DAN KUOTA 95 GB KEMENDIKBUD RI,1
RILIS NAMA-NAMA DOKTER YANG WAFAT DI HARI YANG SAMA KARENA COVID19,2
VIDEO CACING DI MASKER IMPOR ASAL CHINA,1
BANTUAN SOSIAL FINANSIAL BRI RP. 5.500.000,1
POSTINGAN STATUS AKUN YANG DIHACK,0
BANTUAN SOSIAL FINANSIAL BJB RP. 5.500.000,1
CARA MENDAPATKAN SUBSIDI LISTRIK PLN DENGAN KLIK TAUTAN INI,1
GURU SUKABUMI LUMPUH USAI VAKSIN COVID-19 DOSIS 2,0
LINK ULTAH INDOMIE KE-60 BERHADIAH 1000 SMARTWATCH,1
LINK ULTAH TELKOMSEL KE-60 BERHADIAH 1000 SMARTWATCH,1
ANGGOTA BRIMOB MALUKU MENINGGAL DUNIA SETELAH DIVAKSIN ASTRAZENECA,1
CINA TELAH MENYEBAR PENYAKIT LEWAT MASKER BARU YANG MASUK KE INDONESIA,1
FOTO KARTINI MEMAKAI HIJAB,1
LINK ULTAH INDOFOOD KE-50 BERHADIAH 1000 SMARTWATCH,1
RATUSAN WN INDIA MASUK INDONESIA KE INDONESIA DI SAAT COVID-19 MEROKET DI INDIA,0
"PULUHAN WARGA CHINA TIBA DI BANDARA SOETTA SELASA (4/5) SORE, LANGSUNG DIJEMPUT BUS",0
LINK SUBSIDI PULSA 200 RIBU DAN KUOTA 125 GB KEMENDIKBUD,1
RUSIA TIDAK MENEMUKAN VIRUS DARI HASIL OTOPSI JENAZAH COVID-19,1
YANG SUDAH DIVAKSIN SIAP-SIAP MATI DINI DALAM JANGKA WAKTU 2 TAHUN,1
GURU SUKABUMI LUMPUH USAI VAKSIN COVID-19 DOSIS 2,0
"PENYEKATAN MUDIK DI PERBATASAN BEKASI-BOGOR, TAK TANGGUNG- TANGGUNG TNI NURUNIN TANK BAJA",1
BENDA BERMAGNET BISA MENEMPEL DI LENGAN PENERIMA VAKSIN CORONA,1
TULISAN ILMIAH IDI : COVID-19 ADALAH PENGELABUAN DAN PEMBODOHAN GLOBAL,1
"CAMPURAN KELAPA MUDA, JERUK NIPIS, GARAM DAN MADU LENYAPKAN VIRUS CORONA",1
GALANG DANA UNTUK PALESTINA,0
LINK ULTAH COFFESHOP JANJI JIWA KE-30 BERHADIAH 1000 SMARTWATCH,1
PDIP USUL KE PEMERINTAH AGAR SELURUH PESANTREN DI INDONESIA DITUTUP,1
PENGGUNAAN MASKER SEBABKAN MANUSIA KERACUNAN CO2,1
"VIDEO MOBIL IRINGAN-IRINGAN JOKOWI MUDIK, RI 1 PULANG KAMPUNG",1
7 BUMN BAKAL DIBUBARKAN. PLN DLM TAHAP RESTRUKTURISASI,1
LINK BANTUAN UMKM BRI TAHAP 3 SEBESAR RP 2.100.000,1
"CAMPURAN KELAPA MUDA, JERUK NIPIS, GARAM DAN MADU LENYAPKAN VIRUS CORONA",1
RUSIA TIDAK MENEMUKAN VIRUS DARI HASIL OTOPSI JENAZAH COVID-19,1
RSHS DAN BEBERAPA RUMAH SAKIT DI BANDUNG DIPENUHI PASIEN COVID-19 DAN BANYAK YANG MENINGGAL DI UGD,1
"700 LEBIH JENAZAH DIMAKAMAKAN SECARA COVID-19, TERNYATA HASIL SWAB NEGATIF",0
DR. SITI FADILAH (MANTAN MENKES) DAN NIDOM : GAGALKAH HERD IMUNITY ?,0
LINK SUBSIDI PULSA 200 RIBU DAN KUOTA 125 GB KEMENDIKBUD,1
SURAT EDARAN DIRJEN PELAYANAN KESEHATAN TENTANG PEMANFAATAN OBAT TRADISIONAL UNTUK PEMELIHARAAN KESEHATAN,0
INFO VAKSINASI COVID-19 DI PUSSENIF PPI SUPRATMAN BANDUNG,1
SURAT KLARIFIKASI KUOTA HAJI INDONESIA DARI KEDUTAAN ARAB SAUDI,0
VIDEO PASIEN COVID KEHABISAN RUANGAN DI RS BEKASI DAN TERLANTAR DI PARKIRAN,0
AKUN WHATSAPP MENCATUT FOTO DAN NAMA ABDY YUHANA ANGGOTA DPRD JAWA BARAT,1
ARTIKEL MENGATASNAMAKAN BRIGJEN TNI (PURN) DR. MARDJO SUBIANDONO AJAK WARGA BANGUN OPTIMISME HADAPI COVID 19,1
JADWAL PELAKSANAAN VAKISNASI COVID19 DI KOTA BANDUNG,0
PELAKSANAAN VAKSINASI DI GRAND BALLROOM SUDIRMAN BANDUNG BANYAK YANG TERPAPAR COVID-19,2
LINK BANTUAN SOSIAL TUNAI PPKM DARURAT,1
PENUTUPAN SPBU SEMENTARA 12 JULI 2021-17 JULI 2021,1
VIDEO ALAT UJI SWAB ANTIGEN DI TETES AIR KERAN HASILNYA POSITIF COVID,1
MANTAN MENKES SITI FADILAH SUDAH SERING KENA COVID-19 SEJAK DULU,1
VIDEO BERITA DARI CNN INDONESIA POTENSI BAHAYA VAKSIN COVID - 19,0
VIDEO JOKOWI DITENGAH KERUMUNAN WARGA TIONGKOK TANPA MEMAKAI MASKER,1
WARGA YANG MEMILIKI KARTU VAKSIN COVID-19 AKAN TERIMA BANTUAN KOMPENSASI PPKM SEBESAR 1 JUTA,1
BANTUAN BEASISWA ANAK PEDAGANG KECIL TERDAMPAK PPKM DARURAT,0
CHINA MINTA PULAU KALIMANTAN SEBAGAI JAMINAN UTANG INDONESIA,2
CORONA VIRUS TERTULIS DI BUKU PELAJARAN IPA TAHUN 2017,0
"JIKA SEDANG FLU, JANGAN LAKUKAN SWAB TEST NANTI POSITIF COVID-19",2
LINK SUBSIDI PULSA 250 RIBU DAN KUOTA 75 GB KEMENDIKBUD,1
TANGGAL BERAKHIRNYA PROYEK KOPIT,1
TOLONG SEBARKAN BUAT BANTU PEDAGANG KECIL,0
YANG SUDAH DIVAKSIN SIAP-SIAP MATI DINI DALAM JANGKA WAKTU 2 TAHUN,1
SURAT EDARAN DEWAN MASJID INDONESIA TENTANG SHOLAT JUM'AT DUA GELOMBANG GANJIL GENAP,0
"PERINGATI HUT RI KE-76, KOMINFO BERIKAN KUOTA INTERNET GRATIS 150GB",1
LINK BANTUAN SEBESAR RP 500.000 DARI KEMENTRIAN SOSIAL RI,1
"CEGAH KEBOCORAN DATA, 2.453 PRODUK DAN JASA CETAK KARTU VAKSIN DIBLOKIR",0
INFORMASI RAZIA ZEBRA SERENTAK DI KOTA BANDUNG TANGGAL 31 AGUSTUS 2021,1
LINK SURVEY UNDIAN BERHADIAH DALAM RANGKA ULTAH HONDA KE-70,1
LOWONGAN KERJA MENJADI CREW RUNNER PON PAPUA 2021,1
PEMBERITAHUAN PENIPUAN PESAN SINGKAT BERISI FORMAT ISIAN KELUHAN DARI MASYARAKAT SETELAH DIVAKSIN,0
PENCETAKAN KARTU VAKSIN MEMUNGKINKAN MELANGGAR HAK KONSUMEN,0
PERUBAHAN HARI LIBUR NASIONAL DAN CUTI BERSAMA TAHUN 2021,0
BANTUAN KUOTA DATA INTERNET KEMENDIKBUD TAHUN 2021 SUBSIDI PULSA 200 RIBU DAN KUOTA 50 GB,1
LINK SUBSIDI PULSA 200 RIBU DAN KUOTA 125 GB KEMENDIKBUD,1
PEMBERITAHUAN BANTUAN KESEHATAN DAN MODAL USAHA DARI BPJS,1
RI IMPOR CABE 27 RIBU TON CABE,0
SUBSIDI PULSA 200 RIBU DAN KUOTA 50 GB KEMENDIKBUD DIPERPANJANG LAGI,1
"RAYAKAN ULTAHNYA KE-120, BRI BAGIKAN HADIAH 2 JUTA RUPIAH LEWAT KUISIONER ONLINE",1
LAYANAN INTERNET MATI TOTAL PADA 24 HINGGA 30 SEPTEMBER 2021,1
LINK DANA BANTUAN 150 JUTA BPJS KESEHATAN,1
LINK HADIAH RESMI 175 JUTA DARI WHATSAPP 2021,1
PENDAFTARAN VAKSIN NUSANTARA,1
RUMOR DOKTER PALSU SEBARKAN VIRUS AIDS DENGAN BERPURA-PURA MENGUKUR GULA DARAH SECARA GRATIS,1
FOTO PERBAIKAN KABEL INTERNET BAWAH LAUT INDIEHOME,0
RILIS TERBARU WHO : RENTANG USIA PEMUDA ADALAH 18-65 TAHUN,1
SEJUMLAH NOMOR TELEPON LUAR NEGERI INI BISA SALIN DAFTAR KONTAK,1
SITUS PALSU MENGATASNAMAKAN PEDULILINDUNGI,1
SMS PEMBERITAHUAN PEMENANG UNDIAN KE-2 DARI PT SHOPEE SEBESAR RP 185 JUTA,1
19 AGUSTUS 2021 MASKAPAI BATIK AIR JEMPUT WNI YANG ADA DI AFGHANISTAN,1
"9 BULAN JADI MENAG, KEKAYAAN YAQUT MELESAT 1.000%",1
ADA VIDEO MENAG YAQUT CHOLIL QOUMAS DIBAPTIS PINDAH AGAMA,1
AJAKAN MENGINSTAL APLIKASI TRACETOGETHER UNTUK MENDUKUNG KEPUTUSAN KEMKOMINFO TENTANG UPAYA PENANGANAN COVID-19,1
HADIAH ULANG TAHUN BRI KE 120,1
PARTAI PRIMA BUATAN ANAK-ANAK KOMUNIS,1
DAFTAR KENDARAAN LELANG NONEKSEKUSI DARI KEMENTRIAN KEUANGAN REPUBLIK INDONESIA,1
"GELAR ICF CHAMPIONSHIP 2021, JALAN MENUJU KOTA GARUT PADA 26 OKTOBER 2021 DITUTUP",0
LINK SUBSIDI DARI PERTAMINA VIA SMS RP. 189 JUTA,1
"MISIONARIS MEREBAK, TERMASUK DI SUMBAR",0
PENGUMUMAN : PEMBERHENTIAN SEMENTARA OPERASIONAL BUS KOTA DAMRI BANDUNG,0
PERNYATAAN EKS PETINGGI INTELIJEN SAUDI TENTANG MOHAMMED BIN SALMAN,0
TAWARAN KUOTA GRATIS 50 GB DI PERAYAAN ULANG TAHUN WHATSAPP,1
VAKSINASI MILENIAL JABAR,0
20 RIBU LAPORAN KEBUTAAN USAI VAKSINASI DI EROPA,1
ADA WALI ALLAH DI SURADE SUKABUMI,2
AIR REBUSAN DAUN SIRI DAPAT SEMBUHKAN KATARAK,1
AJID TEROBOS BANGUNAN SD YANG AMBRUK DEMI SELAMATKAN FOTO JIHYO,1
AKUN INSTGRAM LAPTOP BM STORE,1
VIDEO : 500 TON PISANG DARI SOMALIA TERKONTAMINASI CACING HELICOBACTER,1
"DARI DITLANTAS POLDA, BESOK ADA RAZIA MASKER SERENTAK DISELURUH WILAYAH INDONESIA",1
UANG BARU PECAHAN 1.0 BERNILAI 1 JUTA RUPIAH,1
"WASPADA PENCULIKAN ANAK DENGAN MODUS PENJUAL, OM TELOLET, ORANG GILA, IBU HAMIL, PENGEMIS",1
ACHA SEPTRIASA MENINGGAL DUNIA,1
ADE ARMANDO : DALAM AL-QURAN TAK ADA PERINTAH SHOLAT 5 WAKTU,0
ADE ARMANDO : SAYA BERAGAMA ISLAM TAPI TIDAK PERCAYA SYARIAT ISLAM HARUS DIJALANKAN,0
AKUN WHATSAPP MENGATASNAMAKAN BUPATI INDRAMAYU,1
AKUN WHATSAPP MENGATASNAMAKAN KAPOLDA JAWA BARAT AHMAD DOFIRI,1
AKUN WHATSAPP MENGATASNAMAKAN WAKIL KETUA DPRD KOTA CIREBON,1
ALIANSI DOKTER DUNIA SEBUT VARIAN DELTA TIDAK PERNAH ADA,1
ANGGOTA DPR : PERMENDIKBUD 30 LEGALKAN SEKS BEBAS DAN LGBT ASAL KORBAN SETUJU,1
BAHAN BURGER KFC 15% AYAM DAN SISANYA BAHAN TIDAK LAYAK KONSUMSI,1
BAHAYA VAKSIN BERISIKO TINGGI,1
BANK INDONESIA TAWARKAN INVESTASI ONLINE LEWAT TELEGRAM,1
LOWONGAN KERJA DISKOMINFO JABAR,0
HADIAH ULANG TAHUN BRI KE - 130 UANG TUNAI SEBESAR 2 JUTA RUPIAH,1
REKRUTMEN DISKOMINFO JABAR MEMINTA BIAYA,1
SMS PEMBERITAHUAN PEMENANG UNDIAN KE-2 DARI PT SHOPEE SEBESAR RP 185 JUTA,1
HARI JADI JNE YANG KE-31 MELALUI KUISIONER ANDA AKAN MENDAPATKAN UANG TUNAI 2 JUTA RUPIAH,1
SERUAN ISI PENUH TANGKI BBM KARENA KARYAWAN PERTAMINA MOGOK KERJA,1
ULTAH KE-50 KIMIA FARMA BAGIKAN UANG 2 JUTA RUPIAH,1
WASPADA MENGAKU MAHASISWA MEMINTA FOTO KTP UNTUK PINJOL,1
"1,4 JUTA WARGA CHINA IKUT TES PNS 2021",1
AKUN PT PETROKIMIA GRESIK,1
AKUN WHATSAPP MENGATASNAMAKAN KAPOLDA JAWA BARAT AHMAD DOFIRI,1
BEJAT! GURU NGAJI DI DEPOK CABULI 10 ANAK MURIDNYA,0
BENARKAH JANTUNG MANUSIA BERHENTI BERDETAK SAAT BERSIN?,1
BENARKAH KONSUMSI SAYUR PAKIS MENGAKIBATKAN KANKER LAMBUNG,1
"DUBAI BERDUKA, TABRAKAN TRUK TANGKI DAN MENYEBABKAN KEBAKARAN BESAR DI JALAN TOL DUBAI",1
CAIRAN VAKSIN TIDAK MASUK KE TUBUH JOKOWI,1
"KORBAN BERGELIMPANGAN, RATUSAN WARGA TERKAPAR USAI DISUNTIK SINOVAC",1
VIDEO SEORANG PRIA PINGSAN SESUDAH DISUNTIK VAKSIN,2
YANG SUDAH DIVAKSIN SIAP-SIAP MATI DINI DALAM JANGKA WAKTU 2 TAHUN,1
KASDIM 0817 GRESIK MAYOR SUGENG RIYADI MENINGGAL AKIBAT SIANGNYA DISUNTIK VAKSIN,1
PULUHAN SANTRI KERACUNAN AKIBAT VAKSIN COVID-19,1
VAKSINASI COVID-19 UNTUK LANSIA (USIA DIATAS 60) BISA TANPA ONLINE LANGSUNG DATANG KE LOKASI,1
BENDA BERMAGNET BISA MENEMPEL DI LENGAN PENERIMA VAKSIN CORONA,1
GURU HONORER DI LELES GARUT JADI LUMPUH SETELAH MENDAPAT VAKSIN KEDUA,2
INFO VAKSINASI COVID-19 DI PUSSENIF PPI SUPRATMAN BANDUNG,1
VAKSIN COVID 19 ADA CHIP DIDALAMNYA,1
VAKSIN SINOVAC SENJATA BIOLOGIS TIONGKOK DIUJICOBAKAN KHUSUS 170 JUTA MUSLIM INDONESIA,2
ANGGOTA BRIMOB MALUKU MENINGGAL DUNIA SETELAH DIVAKSIN ASTRAZENECA,1
ITALY TELAH MELAKUKAN PROSES BEDAH MAYAT TERHADAP PASIEN CORONA YANG TELAH MENINGGAL,1
PELAKSANAAN VAKSINASI DI GRAND BALLROOM SUDIRMAN BANDUNG BANYAK YANG TERPAPAR COVID-19,2
